image,label
img_10048_jpg.rf.6a6ddf59356331c06c22055041147464.jpg,
img_10050_jpg.rf.3dc69c0876842abb1057f53bd118efbb.jpg,
img_10644_jpg.rf.9271a72e63f2cc8b1c56b38f0468ea61.jpg,
img_10681_jpg.rf.9b44095ee95520f3176c14a741be5318.jpg,
img_11_jpg.rf.16bea4a64ed5bf54d82e16cb65e3414f.jpg,
img_11052_jpg.rf.2cf27614535bc957bd9af904982849f5.jpg,
img_11053_jpg.rf.4fab12b89872cd8345546ee004513eff.jpg,
img_11126_jpg.rf.5cb05b9a3566a674565b47db9cd4543d.jpg,
img_11198_jpg.rf.354486850cacca37646a0d10ed28140c.jpg,
img_11270_jpg.rf.43b3d7d8dacbd8479e203c7ed08f0e59.jpg,
img_11275_jpg.rf.83aa723d50696285f2b4da48392ff11d.jpg,
img_11385_jpg.rf.eb4279961aa0e64f07e92ce536162867.jpg,
img_11494_jpg.rf.7635056019c08ab25b279721c48526de.jpg,
img_11575_jpg.rf.96d11b95a8cdbf64859609ff4ed3556c.jpg,
img_11622_jpg.rf.ac53dd08655a6472ed0639c1e9ece4a6.jpg,
img_11803_jpg.rf.b4161d80b4886f5e6c86f4ab527d3528.jpg,
img_11897_jpg.rf.8ba808beab007bfa30cae3d4387a6bf8.jpg,
img_119_jpg.rf.9bafc375c603d5999dc71ce23ab800e1.jpg,
img_11996_jpg.rf.3939cce70cc31a2dbcb21d7a509ca62b.jpg,
img_12010_jpg.rf.aca06c278d8d67210ffabde21a3d1540.jpg,
img_12057_jpg.rf.62dffaeb89e7ecc633d19ca42f3d23ad.jpg,
img_12099_jpg.rf.325ce94efbaa7e0cca960f019d2f3c10.jpg,
img_12499_jpg.rf.ab43dab7a504ac63da46b6a6a92d797e.jpg,
img_12553_jpg.rf.ce7007f1861d41117991bae395d68b2d.jpg,
img_12616_jpg.rf.9bd4eee015ca28e8b80bb13b3557e5cb.jpg,
img_12715_jpg.rf.1d46af1b0830ead3a8cd6edcecda65cb.jpg,
img_12717_jpg.rf.e891c956465eab24478dd9bd639b0e7c.jpg,
img_12719_jpg.rf.663f616edf8b9e23d7238f021be561bb.jpg,
img_12784_jpg.rf.7cb66c8fee56299b3b707cbdd343e36c.jpg,
img_12925_jpg.rf.d0114d6d2f03dc98eeeed06db15b1b42.jpg,
img_1295_jpg.rf.a541b4be3b022ebb656f22361b71ec91.jpg,
img_13290_jpg.rf.d9f3e9f5c4aef4e523c5b1722a442669.jpg,
img_13349_jpg.rf.dce594c781096b739a075a41b5728a4b.jpg,
img_13392_jpg.rf.8f2a1b24a926eef0ed39ecc6304e11b4.jpg,
img_13413_jpg.rf.b087c9c68923cd815e3d544d0a0c09f0.jpg,
img_13453_jpg.rf.3bec8c06ea1180412fa64ae0b84c1b1a.jpg,
img_13470_jpg.rf.993acbc5778023a41a80ed9867a06fd7.jpg,
img_13531_jpg.rf.e82449417661eb98d7d55240d503bfe9.jpg,
img_13861_jpg.rf.a650ed4e0cd5383b47d641ba80049534.jpg,
img_13963_jpg.rf.fc0d75a247331b413b17d73f2b962f52.jpg,
img_14_jpg.rf.07dc346187c5e4a10d35d831d938aff9.jpg,
img_1408_jpg.rf.9fafa7e966867ad0624b5689deaf41d2.jpg,
img_14102_jpg.rf.a1e06f1330e22eb723b1f3064ddb7d14.jpg,
img_14208_jpg.rf.1de2ecf4ce96669ec5b11ece6b1f3ffe.jpg,
img_14305_jpg.rf.09d2697172196dd10289d3c5d5728f06.jpg,
img_14345_jpg.rf.93719c4c4b652477b59b1ca3986a4402.jpg,
img_14358_jpg.rf.77fc214ecc5954bdaf852744eed5982b.jpg,
img_14459_jpg.rf.12454b1bb846701ef7d5c03a89939336.jpg,
img_147_jpg.rf.9b9d3320844874ecdfa74fff3989f571.jpg,
img_14715_jpg.rf.77cb5720c085ee7390fff601bac95c91.jpg,
img_14736_jpg.rf.43816c3edaf0407864a5d4b231925a55.jpg,
img_149_jpg.rf.3e9bfea855eba98c3a72743a2b52114a.jpg,
img_14919_jpg.rf.1ae09507a8454c661d49c3cb90649bb8.jpg,
img_14933_jpg.rf.c880a09b8c4b6216d153b73a34a9e6a0.jpg,
img_15079_jpg.rf.64b0d54d9d2058d3ec923cedda87c7fb.jpg,
img_15170_jpg.rf.7c73d0a8325d96e24164f9ae2552e7b0.jpg,
img_15269_jpg.rf.25bdaec23b7e07d1881c5a9055396e40.jpg,
img_15422_jpg.rf.efb7c82b25390374a922c315597910ea.jpg,
img_15440_jpg.rf.5839afe5bf208cf2677d71109333be68.jpg,
img_15501_jpg.rf.7c79275677a438e93028a9bb8426ee75.jpg,
img_15557_jpg.rf.44861483ad0c89baadedadf0ad29f48a.jpg,
img_15575_jpg.rf.a548dee7b6ee5acb2b7422b94dee163c.jpg,
img_15659_jpg.rf.ca284ffae11d0e872f856c659fc6bb76.jpg,
img_15756_jpg.rf.d77caf7bb812f3123f751fd884138b6e.jpg,
img_15791_jpg.rf.03f97c2bf19daca55604f80b92769e6a.jpg,
img_15885_jpg.rf.b5fbc3d459d7ea8e6deb41762230521f.jpg,
img_15895_jpg.rf.7754dbe23f74dfcb944e6e6c95698920.jpg,
img_15989_jpg.rf.bf24464893c0e351ba601a25a31021dc.jpg,
img_160_jpg.rf.788b626fc9f8594fc122e4a1267992c1.jpg,
img_16123_jpg.rf.5cba0d9be8fdabc547230aea3442ef73.jpg,
img_16219_jpg.rf.560e3b762ae71ceb741a445f59b30072.jpg,
img_16333_jpg.rf.868f5223965035da4a42fd077f6d98c3.jpg,
img_16379_jpg.rf.0b4a6a7ff0e92313f393dc1f5c287bbd.jpg,
img_16755_jpg.rf.8ee3d80aefb7225943f440ec41feaba3.jpg,
img_16810_jpg.rf.9eaba54e80e13ae87ee238e7692534f0.jpg,
img_169_jpg.rf.232597fd8f37163f5f79b3572ebdc82f.jpg,
img_16935_jpg.rf.7ceb7b61a7a6d9b32275c02b52a52a51.jpg,
img_17031_jpg.rf.484e8ef54cf9513c6d3622097705f918.jpg,
img_1709_jpg.rf.c1452c44d535bae3e423be4de0c2eb01.jpg,
img_17120_jpg.rf.e5f133738feaa9ee44a0ae697e026fb5.jpg,
img_17345_jpg.rf.f8d02e379b235628a56454bd1abcb52b.jpg,
img_17413_jpg.rf.c75a2927ccad373744f648feab8e167b.jpg,
img_17429_jpg.rf.a81dc53daad3379c96d4d3fd59a0edd2.jpg,
img_17664_jpg.rf.ad05c0428364118b66dbea63241805cc.jpg,
img_178_jpg.rf.cb4629063fd4318f18156cb37673a084.jpg,
img_17892_jpg.rf.7ba1a6b151b0863baa86d60d8e542e05.jpg,
img_17918_jpg.rf.989dc9276607faaa25ee5d72b3a1d6b1.jpg,
img_17979_jpg.rf.18ca022ce3aae96fa68801176c0fbd50.jpg,
img_17994_jpg.rf.5f7e8252193eb7fc9e041f228deac787.jpg,
img_17998_jpg.rf.e7ddee9d0b586db82b88a819a20d7230.jpg,
img_181_jpg.rf.c0f54ba424135abc3e90660de98c057e.jpg,
img_18108_jpg.rf.d0210919e0d8c39eb185cbc0e1fe69aa.jpg,
img_1819_jpg.rf.4420ea67816984eab641edf2e8870da7.jpg,
img_18266_jpg.rf.90306bef6caf84a75c924316b2e1073a.jpg,
img_1830_jpg.rf.11cc35cf5fee51672f2ae6ad61cb9cd9.jpg,
img_18417_jpg.rf.83ef16579cb30b4180914a94b7b67b67.jpg,
img_18495_jpg.rf.e2ca9e8b55987b002bd6bed4399ba08a.jpg,
img_18533_jpg.rf.5dacb4abf2a5aa284c56bfa0a2aaa4ce.jpg,
img_18635_jpg.rf.8934d2ccfdb87564a5f07b7cdf7c9715.jpg,
img_18743_jpg.rf.203d8a64ec386d8fb517c0f6348495bb.jpg,
video1_frame_295_jpg.rf.3896107005677bc799776f412e1a2664.jpg,
video1_frame_306_jpg.rf.9452a43c6420174d836a194d83a6ab8f.jpg,
video10_frame_10_jpg.rf.3e3ff1a0a56b49e6190d17b7845acb38.jpg,
video10_frame_22_jpg.rf.5bf3b56af40c3e95172833ea6e3e060a.jpg,
video10_frame_562_jpg.rf.28bed13c714ccd34bac1d28b0beac9f9.jpg,
video10_frame_564_jpg.rf.ed00bf6142f1721902f2aa56c68eac83.jpg,
video14_frame_18_jpg.rf.fdef4b976c7c09357afd477bdb4b2ef7.jpg,
video14_frame_8_jpg.rf.2f46c60f3169c539d0b36f58c5954170.jpg,
video3_frame_212_jpg.rf.59ef1d92001c660e65f539f0e5381a22.jpg,
video3_frame_216_jpg.rf.65c49e12ba06762e1334527c60568610.jpg,
video5_frame_120_jpg.rf.16ceca7bb748bf600463f0299208d2b1.jpg,
video5_frame_134_jpg.rf.9292d2df55e0a61488d281484cae350c.jpg,
video6_frame_3_jpg.rf.509b708eb1c6ac87a881738e3f3ce72e.jpg,
video7_frame_13_jpg.rf.018676c279ac1d01fef66c5f4f2029fa.jpg,
video7_frame_20_jpg.rf.5a9ad5cc5d0e97951cfbd40df24836c6.jpg,
video7_frame_21_jpg.rf.dac2b2dbc2b66d465dcf3048dd220d2f.jpg,
video7_frame_5_jpg.rf.50df22814f95c228eda767e71d3b7473.jpg,
video7_frame_9_jpg.rf.efc37caa19b260300338ce68a96d278f.jpg,
video8_frame_7_jpg.rf.b7977b286f58fbb428dbd29a48a832fd.jpg,
video9_frame_1_jpg.rf.5e84d5ddaecf11638c3a8b3c8f7551e4.jpg,
video9_frame_14_jpg.rf.d3a7cac6848ec6a2ec931553df88b6d7.jpg,
video9_frame_6_jpg.rf.2ae2511cdf4f1da56105921212866a63.jpg,
